1,Jackal,https://utexas.box.com/shared/static/mjq14klutzb8f2x0hapnfu8kldua6me3.bag
2,Jackal,https://utexas.box.com/shared/static/fv93vszcc50bckic6j2aiv49t3yzxdm5.bag
3,Jackal,https://utexas.box.com/shared/static/c1p7zkh82rejsmah47pwrvz1vy8c6cru.bag
4,Jackal,https://utexas.box.com/shared/static/mw7hjnifc29gf0b41osos45oawq3wmvi.bag
5,Jackal,https://utexas.box.com/shared/static/cgovwgp4phsu0y830o9sb987yhlhjys6.bag
6,Jackal,https://utexas.box.com/shared/static/0kippbodxhg999hdzksi8xhipe74ctxm.bag
7,Jackal,https://utexas.box.com/shared/static/4n71vy7ogjvt3l87puknlkff3c1kx6j4.bag
8,Jackal,https://utexas.box.com/shared/static/n8d4u8a08ayqm8zduh3509ybtgc3y4og.bag
9,Jackal,https://utexas.box.com/shared/static/kunoelttn1v7a72ihfpurtp7r3qvpujg.bag
10,Jackal,https://utexas.box.com/shared/static/qs3vi8q24p3l4572ze3klx1wi5vce7zp.bag
11,Jackal,https://utexas.box.com/shared/static/zcw1q6xi41ygdxv23992v4lzit7j1gdk.bag
12,Jackal,https://utexas.box.com/shared/static/2ol6zndzllusefjhrvf00slt9uz6k39z.bag
13,Jackal,https://utexas.box.com/shared/static/zoxs01pcs249vs8elmy1y9rpkv9o87o7.bag
14,Jackal,https://utexas.box.com/shared/static/ydncqtpqbnlbgtz1xapzpryirum3t7et.bag
15,Jackal,https://utexas.box.com/shared/static/eru0am2s3d4jzbxdjh7aw4g03hsnwcum.bag
16,Jackal,https://utexas.box.com/shared/static/c3oric06zltll4infbweuf6xpmz1dxto.bag
17,Jackal,https://utexas.box.com/shared/static/kmqctcvf0apymmpnswecxbr0z0xzyim0.bag
18,Jackal,https://utexas.box.com/shared/static/fc393wnzm9c65pksz8w8m3xeryhqrgpr.bag
19,Jackal,https://utexas.box.com/shared/static/y5odsg5pxk2ecgl0qf8yd7l4g1j4mq7c.bag
20,Jackal,https://utexas.box.com/shared/static/3ccxp8i8ukf79v2iuduj0auoxpl1j1dd.bag
21,Spot,https://utexas.box.com/shared/static/bhsceyw95w3t9nmxuk4u4ok4488y5hkc.bag
22,Spot,https://utexas.box.com/shared/static/3c8edpxpqeas5592fmno93r334awn17n.bag
23,Spot,https://utexas.box.com/shared/static/2tx99hsmjpl33k8ehimv6xlb38zijuw4.bag
24,Spot,https://utexas.box.com/shared/static/bj6ol67imnrhhc2xovld7zqwao1wy69i.bag
25,Spot,https://utexas.box.com/shared/static/ltyyn84aesm2leylr7xibzhxla3igmi1.bag
26,Spot,https://utexas.box.com/shared/static/29ypo2ysarwkc1iahfvnsqpwtpz23xfr.bag
27,Spot,https://utexas.box.com/shared/static/nxheegfbv652zdedm2jf8rlzauryke6q.bag
28,Spot,https://utexas.box.com/shared/static/zoahmnfau2byuzt7iakbezlyxpeejn3v.bag
29,Spot,https://utexas.box.com/shared/static/7jxhl06wnvnp96kh2mlgpa8rt9oci2lj.bag
30,Spot,https://utexas.box.com/shared/static/q3tn2bje9mf5trmg2j7ijvag0hs32dl8.bag
31,Spot,https://utexas.box.com/shared/static/4yvct1k1v4v6ka53ha5ls6rzwaykvczx.bag
32,Spot,https://utexas.box.com/shared/static/v2yrzjnu5wabd3bz2im0rxepehfu39o7.bag
33,Spot,https://utexas.box.com/shared/static/qtjuze7jsafkzpu0ztba0zqxqzkri010.bag
34,Spot,https://utexas.box.com/shared/static/zfeoajkf7onkcb9fams0eyerllbc4dwq.bag
35,Spot,https://utexas.box.com/shared/static/lv3eblg4pty7u8lt03eaua2xpmjece3v.bag
36,Spot,https://utexas.box.com/shared/static/m04bptp4eldxajx8h15n0nhmukjl5r28.bag
37,Spot,https://utexas.box.com/shared/static/9d1akfayb3e3e3x08q5bpc26x8l38utp.bag
38,Spot,https://utexas.box.com/shared/static/89l5d5mqkts7aoszk1w6d7rpvma34fe5.bag
39,Spot,https://utexas.box.com/shared/static/g14wk79rx4bxokgxzpfu08l8vv9s1606.bag
40,Spot,https://utexas.box.com/shared/static/fjmzc69rrfoom6tyo53mrrafm1r1c3vj.bag
41,Spot,https://utexas.box.com/shared/static/zt6vnmepu86fn36had2wopgfy8hidevw.bag
42,Spot,https://utexas.box.com/shared/static/swwl9r2d51s6kmu2zvsjsrm0wge55p1p.bag
43,Spot,https://utexas.box.com/shared/static/ids7dya182h2on8ahx3djw66ls004uf1.bag
44,Spot,https://utexas.box.com/shared/static/o2l496m51rav67lr016w83uxx6j1kl6b.bag
45,Spot,https://utexas.box.com/shared/static/ajqylew204wapadzov9fv6gd4rs94j20.bag
46,Spot,https://utexas.box.com/shared/static/7clhy70juqym9lgbxdm06e3wfwnleye6.bag
47,Spot,https://utexas.box.com/shared/static/h4mftqsozxmkbiq7zauwzr6g63hbpsa7.bag
48,Spot,https://utexas.box.com/shared/static/8621q63ewkclemqc54qiptca5hroho6p.bag
49,Spot,https://utexas.box.com/shared/static/0n3oigdhlpsaoxa7gqq4fujjtpcj162y.bag
50,Spot,https://utexas.box.com/shared/static/fjhgn5637w4g0pj8poqoscw5f6q0pixg.bag
51,Spot,https://utexas.box.com/shared/static/cblhgz5t9htuhtvnhdkjw9rabo49y0r9.bag
52,Spot,https://utexas.box.com/shared/static/4xml4f8elstw7xeaajn7dckc93i9jxus.bag
53,Spot,https://utexas.box.com/shared/static/3g6kf1k294zcug37uoaat66u7gkihcml.bag
54,Spot,https://utexas.box.com/shared/static/ptll9ltb4vu8jrlkrkxuq4o33crxdzaf.bag
55,Spot,https://utexas.box.com/shared/static/4htq481s0lcy1ipzve9vllt540v6v3su.bag
56,Spot,https://utexas.box.com/shared/static/bucgfa5672kr9hqr1g2big7hpapvxktn.bag
57,Spot,https://utexas.box.com/shared/static/6zg8n0dokobcaahe5xhgufe537wq4khk.bag
58,Spot,https://utexas.box.com/shared/static/im4ld86ldcdakrec85jqze4j0spep1xb.bag
59,Spot,https://utexas.box.com/shared/static/ksful2i5md8459w8d63tak3t9z8ee48z.bag
60,Spot,https://utexas.box.com/shared/static/80u81ph7q491ph4rw597suy49q0aydtt.bag
61,Spot,https://utexas.box.com/shared/static/rvztv2d63chlu0zulle0a0r3rfy2crjd.bag
62,Spot,https://utexas.box.com/shared/static/dt1lnm7q4pxzzilbudjqqer3lqt2ieed.bag
63,Spot,https://utexas.box.com/shared/static/kq8hsqq8j99mefqyozac8lyx5fjzi302.bag
64,Spot,https://utexas.box.com/shared/static/y2dzchbe45uv3qsp5yzcb3ys3hnoq7fr.bag
65,Spot,https://utexas.box.com/shared/static/j039z91qev1shtybsjxhl9gp57f2tqu5.bag
66,Spot,https://utexas.box.com/shared/static/aygz9qoyb5xok1bj8671cb8l02qghwd4.bag
67,Spot,https://utexas.box.com/shared/static/w80vefrx0kihzrt711l71xi81q3lb5co.bag
68,Spot,https://utexas.box.com/shared/static/4ns5w5jfkafjtad1dnvan3yia33pf2sc.bag
69,Spot,https://utexas.box.com/shared/static/ff6oy2t8r2lgulkn6oazkprwgoyszh3q.bag
70,Spot,https://utexas.box.com/shared/static/1yqcxu1ovo0tfg7he486emk52msczk60.bag
71,Spot,https://utexas.box.com/shared/static/32hs9yloomf4rhdnemhl8bomu3iukmn3.bag
72,Spot,https://utexas.box.com/shared/static/z0egrnwtx3gzt5gz99vrff4euot5m9q8.bag
73,Spot,https://utexas.box.com/shared/static/dvfe6sh076js6bbik9but1psaaon1ep8.bag
74,Spot,https://utexas.box.com/shared/static/d6lvmg7ae5ip8wteh7v80aunfiy3cpwi.bag
75,Spot,https://utexas.box.com/shared/static/b31ve6jjcsc2ut8ud2sm68fgud6pki6b.bag
76,Spot,https://utexas.box.com/shared/static/zq8e6jntv0k8e31gvcfjr5vwj29awzq9.bag
77,Spot,https://utexas.box.com/shared/static/5n77y7udnv0upg5o77jp4wvsnzqv54l1.bag
78,Spot,https://utexas.box.com/shared/static/kj598l6kkwaxjmirj77vnxn3daoffmlz.bag
79,Spot,https://utexas.box.com/shared/static/khesen2rs5gr2f1di8nyxbthvsxbio5o.bag
80,Spot,https://utexas.box.com/shared/static/p5icsvzusjeo8g1rqfkfilwisz2n1npd.bag
81,Spot,https://utexas.box.com/shared/static/ncrwrhfbhjb5zqean5wa07pteln9bteb.bag
82,Spot,https://utexas.box.com/shared/static/hpofilg0htdfm2doi4na09zxudjd2z0e.bag
83,Spot,https://utexas.box.com/shared/static/d1by4ptu7za8hpimtk3wdje0cw0k1f3v.bag
84,Spot,https://utexas.box.com/shared/static/onj6ny9pnux3rxqs6o6omvtt817awu62.bag
85,Spot,https://utexas.box.com/shared/static/w70s98m1twy924afwz4f65bnbxb2nc0i.bag
86,Spot,https://utexas.box.com/shared/static/vlqykytmpqez378na5ehdwtkk7qth9lp.bag
87,Jackal,https://utexas.box.com/shared/static/pwevinkxctf57lz9aet9uje65bk16n1x.bag
88,Jackal,https://utexas.box.com/shared/static/5dlxn8t8zx5ameo4hkpwt13ckoq6n1qy.bag
89,Jackal,https://utexas.box.com/shared/static/egrbvteyjej73dafuelvw1eka3ew06ee.bag
90,Jackal,https://utexas.box.com/shared/static/2vzf65khgq8wo7rmn21e160wx7zbdwhh.bag
91,Jackal,https://utexas.box.com/shared/static/urpm62r9ogtsfchlx1wyqid9y5hvg13g.bag
92,Jackal,https://utexas.box.com/shared/static/3aee67ijgggeumlyymwifhff57kr4w57.bag
93,Jackal,https://utexas.box.com/shared/static/czncx7qnrd1etq4xbcxbct7yinahyddw.bag
94,Jackal,https://utexas.box.com/shared/static/w3dswdvqd4mjpgor9ilgk1ouwf22xgv0.bag
95,Jackal,https://utexas.box.com/shared/static/gxamt750xsdhc28r77vkwj7m8247oxca.bag
96,Spot,https://utexas.box.com/shared/static/hebjvyi1yb2ybjvh3tlzwf64xj1bp5ro.bag
97,Spot,https://utexas.box.com/shared/static/i4gq5i1fhlw2wgraz1j7mm37rjekhmf2.bag
98,Spot,https://utexas.box.com/shared/static/11ef9fo7rdcpdvab3ypks2wthhwfikjm.bag
99,Spot,https://utexas.box.com/shared/static/557w9umjbcqosmcb8k4a4sdnqtieif7j.bag
100,Spot,https://utexas.box.com/shared/static/48lxh7yckhkmkvay030o5wpp05e40f5d.bag
101,Spot,https://utexas.box.com/shared/static/jc9y988wk9x59k2m3oz0uuimza4z36p4.bag
102,Spot,https://utexas.box.com/shared/static/qdw35t22phxpcowauum2nzpc9t38sel1.bag
103,Spot,https://utexas.box.com/shared/static/rfj4wh8pnronpw4gpeqgda5dh2o6ms1v.bag
104,Spot,https://utexas.box.com/shared/static/jpp47846eu8soa814vrk83pwii4rzzyb.bag
105,Spot,https://utexas.box.com/shared/static/1vqspflt9vrkxdmywnz9669ubxw6ekhc.bag
106,Spot,https://utexas.box.com/shared/static/yozavk4e6z1xcmdqzsnkolpo5oesy9eo.bag
107,Spot,https://utexas.box.com/shared/static/mjyjoro1zqe5re5xslk9m1jmziwq2kw7.bag
108,Spot,https://utexas.box.com/shared/static/5mp1qex9os0oejjvmdic5niibfl5yfex.bag
109,Spot,https://utexas.box.com/shared/static/g79wz94aq7ovpunmeou34pufgslw280q.bag
110,Spot,https://utexas.box.com/shared/static/llmncx4v8y3okph5xxt3shynllu6cnsc.bag
111,Spot,https://utexas.box.com/shared/static/8go8ljmy745ouax8zl2imlxboxe44g76.bag
112,Spot,https://utexas.box.com/shared/static/ydrtohjft8egf83bidv1n6xxehma8o1e.bag
113,Spot,https://utexas.box.com/shared/static/jnz8pglf9a661dhmq3lh9mvdtf9zemp3.bag
114,Spot,https://utexas.box.com/shared/static/lyt4ow7zb3oidxxslxhdtjnczqinpmsq.bag
115,Spot,https://utexas.box.com/shared/static/4qnr1v7lbldsdcnb7mdur3x5h2livlgp.bag
116,Spot,https://utexas.box.com/shared/static/cph7tp6520owvi6qm8l860yw5o11k6df.bag
117,Spot,https://utexas.box.com/shared/static/95fv80syzzwo9lks2816s0wcdopwdh50.bag
118,Spot,https://utexas.box.com/shared/static/de99cmearndajzls3aguazgmb93dn591.bag
119,Spot,https://utexas.box.com/shared/static/jik7x3b42ibdahfg9ieldxjtxz7qreb8.bag
120,Spot,https://utexas.box.com/shared/static/c9a582nuyfoo5lh2fdw8t4lq5cp6gzll.bag
121,Spot,https://utexas.box.com/shared/static/m7ygss4yeb07vg5iof49up0qqw60iio5.bag
122,Spot,https://utexas.box.com/shared/static/vl710jhpk98979ytdesvvp6vn7isz26c.bag
123,Spot,https://utexas.box.com/shared/static/en1hw8cise5yog8eq7de4fugnouvvik3.bag
124,Spot,https://utexas.box.com/shared/static/rtm42xm656ueoy28k68p99zauo4spagk.bag
125,Spot,https://utexas.box.com/shared/static/haqt913qedaajrgvkoq9ch5a4uy4bwrb.bag
126,Spot,https://utexas.box.com/shared/static/kqn34nreu2rvu9yl9vg2cgcyhwcsgp0c.bag
127,Spot,https://utexas.box.com/shared/static/vwzbzzpfksv25jsict54uy8t3neaiz4h.bag
128,Spot,https://utexas.box.com/shared/static/br5ujqnqnmeodlj8wq4fg7mhzqr7bg68.bag
129,Spot,https://utexas.box.com/shared/static/xmpjvalyahwh46dzdct5ghuvbtrwoply.bag
130,Spot,https://utexas.box.com/shared/static/z36qvg7wakoq2iq5iyipwcxe14u157sc.bag
131,Spot,https://utexas.box.com/shared/static/tn7x2omi52vl6i25fmpnby8b5j8yw194.bag
132,Spot,https://utexas.box.com/shared/static/lhu3ug0nvn5rpro4duc77eeeq0ibag83.bag
133,Spot,https://utexas.box.com/shared/static/fw3zq428wflpr0pc1k2z1j1p76zbztij.bag
134,Spot,https://utexas.box.com/shared/static/gco3raz45synfhs0y92srbxb7b7mtzme.bag
135,Spot,https://utexas.box.com/shared/static/rpux8egjopgr5utxxuz7bn9f0r5192y2.bag
136,Spot,https://utexas.box.com/shared/static/66a3anqx05zx3d6bko0y6bwc6qz19iny.bag
137,Spot,https://utexas.box.com/shared/static/xkjq1gj8ktv6n1u29m747c1f0ygosuym.bag
138,Spot,https://utexas.box.com/shared/static/iyrcohpiucb14iijvopyidh2k6hoswxj.bag